Y,X,fid,Art
46.95390563964383,7.4400688585061365,"1",S
46.949952486533476,7.438790929023435,"2",E
